Wall time,Step,Value
1747934421.9543269,275,0.6379310488700867
1747934511.714255,551,0.7404718399047852
1747934600.0117443,827,0.8008167147636414
1747934688.304244,1103,0.8166969418525696
1747934775.2073505,1379,0.807622492313385
1747934863.1112576,1655,0.8080762028694153
1747934951.0599792,1931,0.8067150712013245
1747935039.8492854,2207,0.8303085565567017
1747935130.751521,2483,0.8448275923728943
1747935223.0128794,2759,0.8275862336158752
1747935313.4524496,3035,0.8198729753494263
1747935401.1956203,3311,0.8362069129943848
1747935487.6962123,3587,0.8248639106750488
1747935572.7755606,3863,0.8185117840766907
1747935657.9899623,4139,0.8126134276390076
1747935743.7977495,4415,0.8257713317871094
1747935829.1388934,4691,0.8094373941421509
1747935914.4076455,4967,0.8239564299583435
1747935999.6445653,5243,0.8257713317871094
1747936084.917384,5519,0.8198729753494263
