Wall time,Step,Value
1750978470.0223267,14450,0.7694973945617676
