Wall time,Step,Value
1749681260.1214216,246,0.6720812320709229
1749681333.270821,493,0.7873096466064453
1749681406.522063,740,0.8081218004226685
1749681479.472537,987,0.8010152578353882
1749681552.282152,1234,0.7771573662757874
1749681624.3282652,1481,0.8111675381660461
1749681696.7189717,1728,0.8116751313209534
1749681769.1249065,1975,0.8157360553741455
1749681841.6530614,2222,0.824365496635437
1749681913.9224439,2469,0.806598961353302
1749681986.2466109,2716,0.8203045725822449
1749682058.667202,2963,0.8157360553741455
1749682130.5692391,3210,0.7979695200920105
1749682202.920631,3457,0.8228426575660706
1749682275.4127421,3704,0.8126903772354126
1749682347.0949528,3951,0.8187817335128784
1749682418.7551107,4198,0.81675124168396
1749682490.7745006,4445,0.813705563545227
1749682562.831254,4692,0.8020304441452026
1749682634.951123,4939,0.8152284026145935
