Wall time,Step,Value
1754656277.7694156,14700,0.738054633140564
