Wall time,Step,Value
1754647131.9776816,14450,0.7127382755279541
