Wall time,Step,Value
1749681185.0230494,5500,0.8117325901985168
