Wall time,Step,Value
1748101222.225577,5220,0.813697338104248
