Wall time,Step,Value
1749679553.1177752,5520,0.8352994322776794
