Wall time,Step,Value
1748099750.038776,260,0.6388888955116272
1748099830.2829494,521,0.8093869686126709
1748099910.8338032,782,0.7954980731010437
1748099987.9449077,1043,0.8022030591964722
1748100064.8236144,1304,0.8031609058380127
1748100141.6102223,1565,0.8031609058380127
1748100218.2962267,1826,0.811302661895752
1748100294.887788,2087,0.8050765991210938
1748100371.6208866,2348,0.8022030591964722
1748100448.0495524,2609,0.8079501986503601
1748100524.2377527,2870,0.8295019268989563
1748100600.6469808,3131,0.8031609058380127
1748100677.2410889,3392,0.8218390941619873
1748100753.657779,3653,0.8055555820465088
1748100830.2870219,3914,0.7863984704017639
1748100906.4025788,4175,0.8041187524795532
1748100983.6090877,4436,0.8022030591964722
1748101060.2509177,4697,0.811302661895752
1748101136.1275668,4958,0.7725095748901367
1748101212.8422325,5219,0.8156130313873291
