Wall time,Step,Value
1747936094.8709123,5520,0.8330308794975281
