Wall time,Step,Value
1750982861.0146897,14700,0.8046075105667114
