Wall time,Step,Value
1750247725.990989,8200,0.7674999833106995
