Wall time,Step,Value
1750250172.0358198,7900,0.7487999796867371
