Wall time,Step,Value
1749682643.025637,4940,0.8060913681983948
