Wall time,Step,Value
1755528824.3464382,12350,0.7441624402999878
