Wall time,Step,Value
1755474192.5950763,14450,0.6962738037109375
