Wall time,Step,Value
1755450016.366006,13050,0.757662832736969
