Wall time,Step,Value
1755520199.0243354,13750,0.7535243034362793
