Wall time,Step,Value
1755441803.2879646,13800,0.717332124710083
