Wall time,Step,Value
1755511695.9779599,13800,0.7046279311180115
