Wall time,Step,Value
1755483093.8542335,14700,0.7508532404899597
