Wall time,Step,Value
1755561353.5632496,8200,0.5734615325927734
