Wall time,Step,Value
1755567363.718763,7900,0.6266000270843506
