Wall time,Step,Value
1756195811.610861,1116,0.6713331937789917
1756196172.514669,2233,0.729485273361206
1756196532.0422213,3350,0.7559767365455627
1756196891.6464949,4467,0.7669610381126404
1756197251.6124861,5584,0.7582740783691406
1756197611.4148903,6701,0.7391772270202637
1756197971.2685688,7818,0.7424797415733337
1756198330.6705472,8935,0.7249622941017151
1756198690.6263366,10052,0.7166343331336975
1756199050.4739745,11169,0.7050039768218994
1756199410.1482232,12286,0.714408814907074
1756199769.934286,13403,0.689855694770813
1756200129.8356903,14520,0.6569028496742249
1756200489.9797456,15637,0.6451288461685181
1756200852.4142604,16754,0.6592002511024475
1756201213.0429845,17871,0.6489338874816895
1756201573.3346043,18988,0.6776509284973145
1756201933.1037896,20105,0.677435576915741
1756202293.1850796,21222,0.6586976647377014
1756202653.7900085,22339,0.6712613701820374
1756203013.6646335,23456,0.6492210626602173
1756203373.928673,24573,0.6786560416221619
1756203733.9627602,25690,0.6592002511024475
1756204094.117818,26807,0.6588412523269653
1756204454.3462608,27924,0.6640103459358215
1756204815.1687925,29041,0.6950247883796692
1756205175.302331,30158,0.7243161797523499
1756205535.2384489,31275,0.6385239362716675
1756205895.3113587,32392,0.6922248601913452
1756206255.1449184,33509,0.6823174953460693
1756206614.9609802,34626,0.671835720539093
1756206975.197994,35743,0.6838251352310181
1756207335.4446838,36860,0.6951683759689331
1756207695.9130511,37977,0.6989015936851501
1756208056.0735567,39094,0.7180702090263367
1756208416.5437384,40211,0.7121114134788513
1756208776.3951564,41328,0.7104601860046387
1756209136.7889466,42445,0.7083064317703247
1756209497.6066937,43562,0.7445617318153381
1756209857.3052938,44679,0.7055782675743103
1756210217.5302234,45796,0.73163902759552
1756210577.868827,46913,0.7271161079406738
1756210937.8443878,48030,0.7134754657745361
1756211298.54196,49147,0.7253930568695068
1756211659.208321,50264,0.7112498879432678
1756212019.842282,51381,0.7291262745857239
1756212380.248703,52498,0.7377414107322693
1756212740.5789113,53615,0.7334338426589966
1756213101.076155,54732,0.715485692024231
1756213461.202676,55849,0.7419771552085876
