Wall time,Step,Value
1756105598.7079837,1116,0.6423289775848389
1756105956.7009695,2233,0.7254648804664612
1756106317.6236746,3350,0.7518845796585083
1756106675.6829834,4467,0.7653098106384277
1756107033.6552486,5584,0.758345901966095
1756107391.5977862,6701,0.7789503931999207
1756107754.2436762,7818,0.7644482851028442
1756108112.8699765,8935,0.7663866877555847
1756108472.1501932,10052,0.7447770833969116
1756108829.9934971,11169,0.7530332207679749
1756109188.3739161,12286,0.7406849265098572
1756109546.5467377,13403,0.7320697903633118
1756109904.875256,14520,0.7414746284484863
1756110267.4106498,15637,0.7152702808380127
1756110626.0803406,16754,0.7478641867637634
1756110985.530719,17871,0.7444181442260742
1756111344.345984,18988,0.7365209460258484
1756111703.0274644,20105,0.7000502347946167
1756112061.8906686,21222,0.7345825433731079
1756112425.1758301,22339,0.7374542355537415
1756112786.6005452,23456,0.7237418293952942
1756113145.4062743,24573,0.7290545105934143
1756113505.0913746,25690,0.7431976199150085
1756113865.0771346,26807,0.7488692402839661
1756114226.0468445,27924,0.7520281672477722
1756114584.7793171,29041,0.7546126842498779
1756114943.483957,30158,0.7425515055656433
1756115304.400838,31275,0.7430540323257446
1756115662.870772,32392,0.7454950213432312
1756116022.038053,33509,0.7546844482421875
1756116383.2095194,34626,0.7384593486785889
1756116741.5584633,35743,0.7515974044799805
1756117099.9570255,36860,0.7671046257019043
1756117461.5461843,37977,0.7721300721168518
1756117820.6186872,39094,0.7593510150909424
1756118179.446355,40211,0.7639456987380981
1756118540.9218485,41328,0.7691866159439087
1756118899.920663,42445,0.7703352570533752
1756119258.3240705,43562,0.7796683311462402
1756119620.8611758,44679,0.7857707142829895
1756119980.50068,45796,0.7709096074104309
1756120339.1891072,46913,0.7816784977912903
1756120698.1117127,48030,0.775576114654541
1756121059.379967,49147,0.7719864845275879
1756121417.9999657,50264,0.7573407888412476
1756121779.0588057,51381,0.7666020393371582
1756122138.082849,52498,0.7813195586204529
1756122498.2488098,53615,0.7818939089775085
1756122858.658343,54732,0.7859143018722534
1756123219.0242536,55849,0.791442334651947
